Internal ID,Date,Type,Document Number,Name,Amount Remaining,Amount,Memo,PO/Check Number,Status,Customer Internal ID
3910417,4/25/2022,Invoice,I260706527,Bluestem Brands,529.3,529.3,,PO000092001443,Open,4871
3910423,4/25/2022,Invoice,I260706537,Bluestem Brands,398.2,398.2,,PO000092030169,Open,4871
3910427,4/25/2022,Invoice,I260706543,Bluestem Brands,398.2,398.2,,PO000091995573,Open,4871
3910428,4/25/2022,Invoice,I260706545,Bluestem Brands,529.3,529.3,,PO000092019736,Open,4871
3910431,4/25/2022,Invoice,I260706551,Bluestem Brands,529.3,529.3,,PO000092008533,Open,4871
3910436,4/25/2022,Invoice,I260706561,Bluestem Brands,398.2,398.2,,PO000092006406,Open,4871
3910438,4/25/2022,Invoice,I260706564,Bluestem Brands,874.35,874.35,,PO000092023985,Open,4871
3910515,4/25/2022,Invoice,I260706524,Bluestem Brands,398.2,398.2,,PO000092010761,Open,4871
3910526,4/25/2022,Invoice,I260706544,Bluestem Brands,398.2,398.2,,PO000091998818,Open,4871
3910528,4/25/2022,Invoice,I260706548,Bluestem Brands,1136.36,1136.36,,PO000091996339,Open,4871
3917693,4/26/2022,Invoice,I260706575,Bluestem Brands,398.2,398.2,,PO000092040626,Open,4871
3917698,4/26/2022,Invoice,I260706583,Bluestem Brands,398.2,398.2,,PO000092043615,Open,4871
3918289,4/26/2022,Invoice,I260706608,Bluestem Brands,398.2,398.2,,PO000092033698,Open,4871
3918392,4/26/2022,Invoice,I260706613,Bluestem Brands,874.35,874.35,,PO000092041619,Open,4871
3982708,5/2/2022,Invoice,I260706883,Bluestem Brands,529.3,529.3,,PO000092103754,Open,4871
3982710,5/2/2022,Invoice,I260706887,Bluestem Brands,877.61,877.61,,PO000092103121,Open,4871
3982715,5/2/2022,Invoice,I260706895,Bluestem Brands,529.3,529.3,,PO000092126065,Open,4871
3982716,5/2/2022,Invoice,I260706897,Bluestem Brands,529.3,529.3,,PO000092122762,Open,4871
3982719,5/2/2022,Invoice,I260706901,Bluestem Brands,529.3,529.3,,PO000092113553,Open,4871
3982720,5/2/2022,Invoice,I260706903,Bluestem Brands,398.2,398.2,,PO000092127264,Open,4871
3982726,5/2/2022,Invoice,I260706914,Bluestem Brands,529.3,529.3,,PO000092099347,Open,4871
3982728,5/2/2022,Invoice,I260706917,Bluestem Brands,398.2,398.2,,PO000092100376,Open,4871
3982731,5/2/2022,Invoice,I260706923,Bluestem Brands,529.3,529.3,,PO000092114039,Open,4871
3982732,5/2/2022,Invoice,I260706925,Bluestem Brands,529.3,529.3,,PO000092105811,Open,4871
3982733,5/2/2022,Invoice,I260706927,Bluestem Brands,141.65,141.65,,PO000092126109,Open,4871
3982805,5/2/2022,Invoice,I260706880,Bluestem Brands,877.61,877.61,,PO000092099425,Open,4871
3982806,5/2/2022,Invoice,I260706882,Bluestem Brands,398.2,398.2,,PO000092106177,Open,4871
3982808,5/2/2022,Invoice,I260706886,Bluestem Brands,1136.36,1136.36,,PO000092131138,Open,4871
3982809,5/2/2022,Invoice,I260706888,Bluestem Brands,398.2,398.2,,PO000092104941,Open,4871
3982811,5/2/2022,Invoice,I260706892,Bluestem Brands,398.2,398.2,,PO000092106187,Open,4871
3982812,5/2/2022,Invoice,I260706894,Bluestem Brands,398.2,398.2,,PO000092124082,Open,4871
3982816,5/2/2022,Invoice,I260706902,Bluestem Brands,529.3,529.3,,PO000092137843,Open,4871
3982822,5/2/2022,Invoice,I260706912,Bluestem Brands,529.3,529.3,,PO000092100284,Open,4871
3982823,5/2/2022,Invoice,I260706913,Bluestem Brands,437.69,437.69,,PO000092127304,Open,4871
3982827,5/2/2022,Invoice,I260706920,Bluestem Brands,141.65,141.65,,PO000092120019,Open,4871
3982828,5/2/2022,Invoice,I260706922,Bluestem Brands,398.2,398.2,,PO000092131075,Open,4871
3982909,5/2/2022,Invoice,I260706929,Bluestem Brands,398.2,398.2,,PO000092100023,Open,4871
4002401,5/4/2022,Invoice,I260706982,Bluestem Brands,311.69,311.69,,PO000092166767,Open,4871
4002413,5/4/2022,Invoice,I260707006,Bluestem Brands,874.35,874.35,,PO000092153463,Open,4871
4002421,5/4/2022,Invoice,I260707016,Bluestem Brands,141.65,141.65,,PO000092147951,Open,4871
4002422,5/4/2022,Invoice,I260707018,Bluestem Brands,141.65,141.65,,PO000092153557,Open,4871
4002431,5/4/2022,Invoice,I260707035,Bluestem Brands,1136.36,1136.36,,PO000092148185,Open,4871
4002433,5/4/2022,Invoice,I260707039,Bluestem Brands,398.2,398.2,,PO000092162481,Open,4871
4002438,5/4/2022,Invoice,I260707045,Bluestem Brands,398.2,398.2,,PO000092163945,Open,4871
4002492,5/4/2022,Invoice,I260706968,Bluestem Brands,398.2,398.2,,PO000092167641,Open,4871
4002496,5/4/2022,Invoice,I260706976,Bluestem Brands,398.2,398.2,,PO000092146460,Open,4871
4002504,5/4/2022,Invoice,I260706989,Bluestem Brands,1139.18,1139.18,,PO000092162691,Open,4871
4002507,5/4/2022,Invoice,I260706993,Bluestem Brands,398.2,398.2,,PO000092165604,Open,4871
4002525,5/4/2022,Invoice,I260707021,Bluestem Brands,141.65,141.65,,PO000092148070,Open,4871
4002526,5/4/2022,Invoice,I260707023,Bluestem Brands,398.2,398.2,,PO000092164855,Open,4871
4009411,5/5/2022,Invoice,I260707071,Bluestem Brands,398.2,398.2,,PO000092177051,Open,4871
4009423,5/5/2022,Invoice,I260707093,Bluestem Brands,398.2,398.2,,PO000092169365,Open,4871
4009424,5/5/2022,Invoice,I260707095,Bluestem Brands,326.4,326.4,,PO000092173175,Open,4871
4009518,5/5/2022,Invoice,I260707082,Bluestem Brands,398.2,398.2,,PO000092181951,Open,4871
4009525,5/5/2022,Invoice,I260707094,Bluestem Brands,398.2,398.2,,PO000092179136,Open,4871
4037663,5/6/2022,Invoice,I260707146,Bluestem Brands,529.3,529.3,,PO000092198160,Open,4871
4037665,5/6/2022,Invoice,I260707150,Bluestem Brands,398.2,398.2,,PO000092197407,Open,4871
4037668,5/6/2022,Invoice,I260707156,Bluestem Brands,398.2,398.2,,PO000092188619,Open,4871
4037761,5/6/2022,Invoice,I260707145,Bluestem Brands,1136.36,1136.36,,PO000092193869,Open,4871
4037768,5/6/2022,Invoice,I260707155,Bluestem Brands,398.2,398.2,,PO000092192865,Open,4871
4044609,5/9/2022,Invoice,I260707197,Bluestem Brands,398.2,398.2,,PO000092218267,Open,4871
4044613,5/9/2022,Invoice,I260707205,Bluestem Brands,398.2,398.2,,PO000092221069,Open,4871
4044621,5/9/2022,Invoice,I260707219,Bluestem Brands,398.2,398.2,,PO000092223580,Open,4871
4044627,5/9/2022,Invoice,I260707229,Bluestem Brands,874.35,874.35,,PO000092227729,Open,4871
4044632,5/9/2022,Invoice,I260707237,Bluestem Brands,398.2,398.2,,PO000092219807,Open,4871
4044701,5/9/2022,Invoice,I260707192,Bluestem Brands,529.3,529.3,,PO000092228796,Open,4871
4044704,5/9/2022,Invoice,I260707198,Bluestem Brands,485.23,485.23,,PO000092213045,Open,4871
4044707,5/9/2022,Invoice,I260707202,Bluestem Brands,398.2,398.2,,PO000092217358,Open,4871
4054067,5/10/2022,Invoice,I260707279,Bluestem Brands,398.2,398.2,,PO000092237319,Open,4871
4054069,5/10/2022,Invoice,I260707284,Bluestem Brands,874.35,874.35,,PO000092241251,Open,4871
4054072,5/10/2022,Invoice,I260707288,Bluestem Brands,86.87,86.87,,PO000092237781,Open,4871
4072440,5/11/2022,Invoice,I260707346,Bluestem Brands,444.76,444.76,,PO000092246725,Open,4871
4072443,5/11/2022,Invoice,I260707352,Bluestem Brands,398.2,398.2,,PO000092246312,Open,4871
4072451,5/11/2022,Invoice,I260707364,Bluestem Brands,398.2,398.2,,PO000092253500,Open,4871
4072530,5/11/2022,Invoice,I260707345,Bluestem Brands,86.87,86.87,,PO000092253883,Open,4871
4072531,5/11/2022,Invoice,I260707347,Bluestem Brands,398.2,398.2,,PO000092248420,Open,4871
4072538,5/11/2022,Invoice,I260707359,Bluestem Brands,1136.36,1136.36,,PO000092254178,Open,4871
4073363,5/16/2022,Credit Memo,CM40560495,Bluestem Brands,1136.36,-1136.36,,PO000092254178,Open,4871
4073364,5/16/2022,Credit Memo,CM40560496,Bluestem Brands,874.35,-874.35,,PO000092241251,Open,4871
4073365,5/16/2022,Credit Memo,CM40560497,Bluestem Brands,398.2,-398.2,,PO000092237319,Open,4871
