Internal ID,Date,Document Number,Name,Amount Remaining,Amount,Memo,PO/Check Number,Status,Customer Internal ID
73876,11/20/2019,I135852,Bluestem Brands,85.17,85.17,PO000075524075,,Open,4871
73863,11/21/2019,I135933,Bluestem Brands,85.17,85.17,PO000075549741,,Open,4871
73864,11/21/2019,I135932,Bluestem Brands,85.17,85.17,PO000075548686,,Open,4871
73865,11/21/2019,I135931,Bluestem Brands,85.17,85.17,PO000075564768,,Open,4871
73866,11/21/2019,I135930,Bluestem Brands,85.17,85.17,PO000075547748,,Open,4871
73867,11/21/2019,I135929,Bluestem Brands,85.17,85.17,PO000075553111,,Open,4871
73868,11/21/2019,I135928,Bluestem Brands,85.17,85.17,PO000075552217,,Open,4871
73869,11/21/2019,I135926,Bluestem Brands,85.17,85.17,PO000075564648,,Open,4871
73870,11/21/2019,I135925,Bluestem Brands,85.17,85.17,PO000075562245,,Open,4871
73871,11/21/2019,I135924,Bluestem Brands,85.17,85.17,PO000075562078,,Open,4871
73872,11/21/2019,I135914,Bluestem Brands,819.00,819.00,PO000075570196,,Open,4871
73873,11/21/2019,I135902,Bluestem Brands,85.17,85.17,PO000075572190,,Open,4871
73874,11/21/2019,I135865,Bluestem Brands,85.17,85.17,PO000075582224,,Open,4871
73875,11/21/2019,I135862,Bluestem Brands,470.60,470.60,PO000075582824,,Open,4871
73852,11/22/2019,I136093,Bluestem Brands,85.17,85.17,PO000075605227,,Open,4871
73853,11/22/2019,I136092,Bluestem Brands,85.17,85.17,PO000075602493,,Open,4871
73854,11/22/2019,I136091,Bluestem Brands,85.17,85.17,PO000075608791,,Open,4871
73855,11/22/2019,I136085,Bluestem Brands,796.47,796.47,PO000075594261,,Open,4871
73856,11/22/2019,I136080,Bluestem Brands,819.00,819.00,PO000075593343,,Open,4871
73857,11/22/2019,I136077,Bluestem Brands,1858.21,1858.21,PO000075589987,,Open,4871
73858,11/22/2019,I136056,Bluestem Brands,1497.92,1497.92,PO000075612733,,Open,4871
73859,11/22/2019,I136051,Bluestem Brands,85.17,85.17,PO000075617168,,Open,4871
73860,11/22/2019,I136050,Bluestem Brands,85.17,85.17,PO000075618143,,Open,4871
73861,11/22/2019,I136040,Bluestem Brands,85.17,85.17,PO000075609999,,Open,4871
73862,11/22/2019,I136037,Bluestem Brands,294.00,294.00,PO000075600201,,Open,4871
73828,11/25/2019,I136348,Bluestem Brands,85.17,85.17,PO000075664403,,Open,4871
73829,11/25/2019,I136342,Bluestem Brands,85.17,85.17,PO000075669666,,Open,4871
73830,11/25/2019,I136337,Bluestem Brands,984.15,984.15,PO000075661258,,Open,4871
73831,11/25/2019,I136336,Bluestem Brands,984.15,984.15,PO000075640003,,Open,4871
73832,11/25/2019,I136334,Bluestem Brands,85.17,85.17,PO000075659817,,Open,4871
73833,11/25/2019,I136333,Bluestem Brands,85.17,85.17,PO000075656570,,Open,4871
73834,11/25/2019,I136331,Bluestem Brands,85.17,85.17,PO000075657328,,Open,4871
73835,11/25/2019,I136322,Bluestem Brands,1497.92,1497.92,PO000075698729,,Open,4871
73836,11/25/2019,I136320,Bluestem Brands,796.47,796.47,PO000075677220,,Open,4871
73837,11/25/2019,I136313,Bluestem Brands,294.00,294.00,PO000075631511,,Open,4871
73838,11/25/2019,I136304,Bluestem Brands,170.34,170.34,PO000075622312,,Open,4871
73839,11/25/2019,I136286,Bluestem Brands,85.17,85.17,PO000075649958,,Open,4871
73840,11/25/2019,I136284,Bluestem Brands,796.47,796.47,PO000075696035,,Open,4871
73841,11/25/2019,I136283,Bluestem Brands,85.17,85.17,PO000075642806,,Open,4871
73842,11/25/2019,I136276,Bluestem Brands,294.00,294.00,PO000075679478,,Open,4871
73843,11/25/2019,I136273,Bluestem Brands,85.17,85.17,PO000075633238,,Open,4871
73844,11/25/2019,I136272,Bluestem Brands,239.00,239.00,PO000075666380,,Open,4871
73845,11/25/2019,I136270,Bluestem Brands,294.00,294.00,PO000075707292,,Open,4871
73846,11/25/2019,I136269,Bluestem Brands,302.94,302.94,PO000075693428,,Open,4871
73847,11/25/2019,I136252,Bluestem Brands,1497.92,1497.92,PO000075643738,,Open,4871
73848,11/25/2019,I136240,Bluestem Brands,984.15,984.15,PO000075722213,,Open,4871
73849,11/25/2019,I136228,Bluestem Brands,294.00,294.00,PO000075721177,,Open,4871
73850,11/25/2019,I136215,Bluestem Brands,85.17,85.17,PO000075637497,,Open,4871
73851,11/25/2019,I136188,Bluestem Brands,360.29,360.29,PO000075647984,,Open,4871
73825,11/26/2019,I136481,Bluestem Brands,85.17,85.17,PO000075745093,,Open,4871
73826,11/26/2019,I136480,Bluestem Brands,294.00,294.00,PO000075741209,,Open,4871
73827,11/26/2019,I136453,Bluestem Brands,796.47,796.47,PO000075750867,,Open,4871
73818,11/27/2019,I136929,Bluestem Brands,984.15,984.15,PO000075787532,,Open,4871
73819,11/27/2019,I136916,Bluestem Brands,1497.92,1497.92,PO000075757964,,Open,4871
73820,11/27/2019,I136867,Bluestem Brands,85.17,85.17,PO000075771015,,Open,4871
73821,11/27/2019,I136866,Bluestem Brands,85.17,85.17,PO000075774179,,Open,4871
73822,11/27/2019,I136865,Bluestem Brands,85.17,85.17,PO000075762659,,Open,4871
73823,11/27/2019,I136864,Bluestem Brands,85.17,85.17,PO000075774662,,Open,4871
73824,11/27/2019,I136860,Bluestem Brands,294.00,294.00,PO000075771973,,Open,4871
73804,11/29/2019,I137032,Bluestem Brands,360.29,360.29,PO000075801972,,Open,4871
73805,11/29/2019,I137028,Bluestem Brands,239.00,239.00,PO000075865366,,Open,4871
73806,11/29/2019,I137026,Bluestem Brands,85.17,85.17,PO000075865248,,Open,4871
73807,11/29/2019,I137024,Bluestem Brands,294.00,294.00,PO000075827885,,Open,4871
73808,11/29/2019,I137023,Bluestem Brands,85.17,85.17,PO000075849517,,Open,4871
73809,11/29/2019,I137021,Bluestem Brands,85.17,85.17,PO000075850786,,Open,4871
73810,11/29/2019,I137020,Bluestem Brands,302.94,302.94,PO000075805140,,Open,4871
73811,11/29/2019,I137019,Bluestem Brands,302.94,302.94,PO000075824224,,Open,4871
73812,11/29/2019,I137018,Bluestem Brands,85.17,85.17,PO000075837864,,Open,4871
73813,11/29/2019,I136981,Bluestem Brands,85.17,85.17,PO000075846995,,Open,4871
73814,11/29/2019,I136980,Bluestem Brands,85.17,85.17,PO000075851996,,Open,4871
73815,11/29/2019,I136979,Bluestem Brands,302.94,302.94,PO000075850595,,Open,4871
73816,11/29/2019,I136978,Bluestem Brands,85.17,85.17,PO000075829685,,Open,4871
73817,11/29/2019,I136972,Bluestem Brands,85.17,85.17,PO000075802984,,Open,4871
73572,12/2/2019,I137539,Bluestem Brands,85.17,85.17,PO000075983615,,Open,4871
73573,12/2/2019,I137501,Bluestem Brands,85.17,85.17,PO000075892174,,Open,4871
73574,12/2/2019,I137498,Bluestem Brands,85.17,85.17,PO000075882283,,Open,4871
73575,12/2/2019,I137497,Bluestem Brands,85.17,85.17,PO000076023686,,Open,4871
73576,12/2/2019,I137496,Bluestem Brands,85.17,85.17,PO000075878535,,Open,4871
73577,12/2/2019,I137494,Bluestem Brands,294.00,294.00,PO000076012493,,Open,4871
73578,12/2/2019,I137490,Bluestem Brands,302.94,302.94,PO000075965446,,Open,4871
73579,12/2/2019,I137454,Bluestem Brands,170.34,170.34,PO000075996713,,Open,4871
73580,12/2/2019,I137452,Bluestem Brands,796.47,796.47,PO000075959089,,Open,4871
73581,12/2/2019,I137451,Bluestem Brands,1497.92,1497.92,PO000075986591,,Open,4871
73582,12/2/2019,I137450,Bluestem Brands,796.47,796.47,PO000076002859,,Open,4871
73583,12/2/2019,I137449,Bluestem Brands,170.34,170.34,PO000075922902,,Open,4871
73584,12/2/2019,I137448,Bluestem Brands,85.17,85.17,PO000075913504,,Open,4871
73585,12/2/2019,I137447,Bluestem Brands,85.17,85.17,PO000075919693,,Open,4871
73586,12/2/2019,I137446,Bluestem Brands,85.17,85.17,PO000075921144,,Open,4871
73587,12/2/2019,I137445,Bluestem Brands,239.00,239.00,PO000075954765,,Open,4871
73588,12/2/2019,I137443,Bluestem Brands,239.37,239.37,PO000075877186,,Open,4871
73589,12/2/2019,I137439,Bluestem Brands,85.17,85.17,PO000075948424,,Open,4871
73590,12/2/2019,I137437,Bluestem Brands,85.17,85.17,PO000075961669,,Open,4871
73591,12/2/2019,I137436,Bluestem Brands,731.45,731.45,PO000075880456,,Open,4871
73592,12/2/2019,I137313,Bluestem Brands,85.17,85.17,PO000075952553,,Open,4871
73593,12/2/2019,I137312,Bluestem Brands,85.17,85.17,PO000075920682,,Open,4871
73594,12/2/2019,I137311,Bluestem Brands,85.17,85.17,PO000075906122,,Open,4871
73595,12/2/2019,I137310,Bluestem Brands,984.15,984.15,PO000076008680,,Open,4871
73596,12/2/2019,I137300,Bluestem Brands,819.00,819.00,PO000075954559,,Open,4871
73597,12/2/2019,I137299,Bluestem Brands,85.17,85.17,PO000076011727,,Open,4871
73598,12/2/2019,I137295,Bluestem Brands,85.17,85.17,PO000075991126,,Open,4871
73599,12/2/2019,I137292,Bluestem Brands,85.17,85.17,PO000076022976,,Open,4871
73600,12/2/2019,I137291,Bluestem Brands,85.17,85.17,PO000076006339,,Open,4871
73601,12/2/2019,I137271,Bluestem Brands,239.00,239.00,PO000075874503,,Open,4871
73602,12/2/2019,I137270,Bluestem Brands,294.00,294.00,PO000075982339,,Open,4871
73603,12/2/2019,I137203,Bluestem Brands,984.15,984.15,PO000076056077,,Open,4871
73551,12/3/2019,I137797,Bluestem Brands,294.00,294.00,PO000076104007,,Open,4871
73552,12/3/2019,I137796,Bluestem Brands,294.00,294.00,PO000076058347,,Open,4871
73553,12/3/2019,I137795,Bluestem Brands,294.00,294.00,PO000076096022,,Open,4871
73554,12/3/2019,I137794,Bluestem Brands,294.00,294.00,PO000076092480,,Open,4871
73555,12/3/2019,I137793,Bluestem Brands,294.00,294.00,PO000076129609,,Open,4871
73556,12/3/2019,I137792,Bluestem Brands,294.00,294.00,PO000076122094,,Open,4871
73557,12/3/2019,I137791,Bluestem Brands,302.94,302.94,PO000076143172,,Open,4871
73558,12/3/2019,I137790,Bluestem Brands,294.00,294.00,PO000076089958,,Open,4871
73559,12/3/2019,I137789,Bluestem Brands,302.94,302.94,PO000076100647,,Open,4871
73560,12/3/2019,I137788,Bluestem Brands,302.94,302.94,PO000076139708,,Open,4871
73561,12/3/2019,I137786,Bluestem Brands,1858.21,1858.21,PO000076094022,,Open,4871
73562,12/3/2019,I137783,Bluestem Brands,796.47,796.47,PO000076091982,,Open,4871
73563,12/3/2019,I137780,Bluestem Brands,239.00,239.00,PO000076120241,,Open,4871
73564,12/3/2019,I137773,Bluestem Brands,239.00,239.00,PO000076089994,,Open,4871
73565,12/3/2019,I137753,Bluestem Brands,819.00,819.00,PO000076081505,,Open,4871
73566,12/3/2019,I137736,Bluestem Brands,239.00,239.00,PO000076153317,,Open,4871
73567,12/3/2019,I137674,Bluestem Brands,984.15,984.15,PO000076140973,,Open,4871
73568,12/3/2019,I137673,Bluestem Brands,984.15,984.15,PO000076077149,,Open,4871
73569,12/3/2019,I137662,Bluestem Brands,1497.92,1497.92,PO000076059581,,Open,4871
73570,12/3/2019,I137661,Bluestem Brands,1497.92,1497.92,PO000076105464,,Open,4871
73571,12/3/2019,I137658,Bluestem Brands,984.15,984.15,PO000076070727,,Open,4871
73545,12/4/2019,I138036,Bluestem Brands,85.17,85.17,PO000076199214,,Open,4871
73546,12/4/2019,I138030,Bluestem Brands,85.17,85.17,PO000076197222,,Open,4871
73547,12/4/2019,I138025,Bluestem Brands,984.15,984.15,PO000076194565,,Open,4871
73548,12/4/2019,I138002,Bluestem Brands,170.34,170.34,PO000076222569,,Open,4871
73549,12/4/2019,I137988,Bluestem Brands,85.17,85.17,PO000076198759,,Open,4871
73550,12/4/2019,I137973,Bluestem Brands,984.15,984.15,PO000076211276,,Open,4871
73535,12/5/2019,I138198,Bluestem Brands,85.17,85.17,PO000076241010,,Open,4871
73536,12/5/2019,I138197,Bluestem Brands,85.17,85.17,PO000076243206,,Open,4871
73537,12/5/2019,I138195,Bluestem Brands,85.17,85.17,PO000076260268,,Open,4871
73538,12/5/2019,I138188,Bluestem Brands,85.17,85.17,PO000076245273,,Open,4871
73539,12/5/2019,I138173,Bluestem Brands,85.17,85.17,PO000076233234,,Open,4871
73540,12/5/2019,I138172,Bluestem Brands,85.17,85.17,PO000076232493,,Open,4871
73541,12/5/2019,I138168,Bluestem Brands,239.00,239.00,PO000076238828,,Open,4871
73542,12/5/2019,I138144,Bluestem Brands,294.00,294.00,PO000076232522,,Open,4871
73543,12/5/2019,I138142,Bluestem Brands,302.94,302.94,PO000076235001,,Open,4871
73544,12/5/2019,I138140,Bluestem Brands,302.94,302.94,PO000076236102,,Open,4871
73521,12/6/2019,I138468,Bluestem Brands,85.17,85.17,PO000076287972,,Open,4871
73522,12/6/2019,I138465,Bluestem Brands,85.17,85.17,PO000076298011,,Open,4871
73523,12/6/2019,I138464,Bluestem Brands,85.17,85.17,PO000076305114,,Open,4871
73524,12/6/2019,I138459,Bluestem Brands,302.94,302.94,PO000076293453,,Open,4871
73525,12/6/2019,I138458,Bluestem Brands,85.17,85.17,PO000076280961,,Open,4871
73526,12/6/2019,I138457,Bluestem Brands,85.17,85.17,PO000076289522,,Open,4871
73527,12/6/2019,I138456,Bluestem Brands,85.17,85.17,PO000076297482,,Open,4871
73528,12/6/2019,I138454,Bluestem Brands,85.17,85.17,PO000076286156,,Open,4871
73529,12/6/2019,I138447,Bluestem Brands,640.20,640.20,PO000076314022,,Open,4871
73530,12/6/2019,I138446,Bluestem Brands,294.00,294.00,PO000076292898,,Open,4871
73531,12/6/2019,I138444,Bluestem Brands,239.00,239.00,PO000076305730,,Open,4871
73532,12/6/2019,I138441,Bluestem Brands,85.17,85.17,PO000076319688,,Open,4871
73533,12/6/2019,I138424,Bluestem Brands,170.34,170.34,PO000076325526,,Open,4871
73534,12/6/2019,I138406,Bluestem Brands,85.17,85.17,PO000076316430,,Open,4871
73395,12/9/2019,I138799,Bluestem Brands,85.17,85.17,PO000076337457,,Open,4871
73396,12/9/2019,I138758,Bluestem Brands,360.29,360.29,PO000076368323,,Open,4871
73397,12/9/2019,I138706,Bluestem Brands,85.17,85.17,PO000076358022,,Open,4871
73398,12/9/2019,I138702,Bluestem Brands,239.00,239.00,PO000076436815,,Open,4871
73399,12/9/2019,I138701,Bluestem Brands,239.00,239.00,PO000076346642,,Open,4871
73400,12/9/2019,I138698,Bluestem Brands,984.15,984.15,PO000076399994,,Open,4871
73401,12/9/2019,I138695,Bluestem Brands,85.17,85.17,PO000076374689,,Open,4871
73402,12/9/2019,I138693,Bluestem Brands,796.47,796.47,PO000076396958,,Open,4871
73403,12/9/2019,I138692,Bluestem Brands,805.00,805.00,PO000076463469,,Open,4871
73504,12/9/2019,I138679,Bluestem Brands,984.15,984.15,PO000076336617,,Open,4871
73505,12/9/2019,I138677,Bluestem Brands,85.17,85.17,PO000076380585,,Open,4871
73506,12/9/2019,I138676,Bluestem Brands,85.17,85.17,PO000076409511,,Open,4871
73507,12/9/2019,I138675,Bluestem Brands,85.17,85.17,PO000076359536,,Open,4871
73508,12/9/2019,I138674,Bluestem Brands,85.17,85.17,PO000076397866,,Open,4871
73509,12/9/2019,I138673,Bluestem Brands,85.17,85.17,PO000076372567,,Open,4871
73510,12/9/2019,I138672,Bluestem Brands,85.17,85.17,PO000076414824,,Open,4871
73511,12/9/2019,I138671,Bluestem Brands,85.17,85.17,PO000076416347,,Open,4871
73512,12/9/2019,I138670,Bluestem Brands,85.17,85.17,PO000076341702,,Open,4871
73513,12/9/2019,I138669,Bluestem Brands,85.17,85.17,PO000076343626,,Open,4871
73514,12/9/2019,I138668,Bluestem Brands,85.17,85.17,PO000076417007,,Open,4871
73515,12/9/2019,I138666,Bluestem Brands,294.00,294.00,PO000076431688,,Open,4871
73516,12/9/2019,I138665,Bluestem Brands,79.79,79.79,PO000076447280,,Open,4871
73517,12/9/2019,I138664,Bluestem Brands,85.17,85.17,PO000076391904,,Open,4871
73518,12/9/2019,I138663,Bluestem Brands,85.17,85.17,PO000076368950,,Open,4871
73519,12/9/2019,I138662,Bluestem Brands,85.17,85.17,PO000076348232,,Open,4871
73520,12/9/2019,I138655,Bluestem Brands,85.17,85.17,PO000076359118,,Open,4871
73387,12/10/2019,I139168,Bluestem Brands,239.00,239.00,PO000076504208,,Open,4871
73388,12/10/2019,I139136,Bluestem Brands,85.17,85.17,PO000076512919,,Open,4871
73389,12/10/2019,I139135,Bluestem Brands,294.00,294.00,PO000076538601,,Open,4871
73390,12/10/2019,I139134,Bluestem Brands,1497.92,1497.92,PO000076502157,,Open,4871
73391,12/10/2019,I139127,Bluestem Brands,294.00,294.00,PO000076556752,,Open,4871
73392,12/10/2019,I139119,Bluestem Brands,85.17,85.17,PO000076512325,,Open,4871
73393,12/10/2019,I139103,Bluestem Brands,239.00,239.00,PO000076529643,,Open,4871
73394,12/10/2019,I139097,Bluestem Brands,796.47,796.47,PO000076515432,,Open,4871
73378,12/11/2019,I139335,Bluestem Brands,294.00,294.00,PO000076567763,,Open,4871
73379,12/11/2019,I139323,Bluestem Brands,796.47,796.47,PO000076566259,,Open,4871
73380,12/11/2019,I139295,Bluestem Brands,984.15,984.15,PO000076630457,,Open,4871
73381,12/11/2019,I139274,Bluestem Brands,294.00,294.00,PO000076612744,,Open,4871
73382,12/11/2019,I139272,Bluestem Brands,819.00,819.00,PO000076605990,,Open,4871
73383,12/11/2019,I139269,Bluestem Brands,984.15,984.15,PO000076621770,,Open,4871
73384,12/11/2019,I139267,Bluestem Brands,239.00,239.00,PO000076621095,,Open,4871
73385,12/11/2019,I139266,Bluestem Brands,302.94,302.94,PO000076622673,,Open,4871
73386,12/11/2019,I139265,Bluestem Brands,239.00,239.00,PO000076624216,,Open,4871
73373,12/12/2019,I139469,Bluestem Brands,984.15,984.15,PO000076649587,,Open,4871
73374,12/12/2019,I139448,Bluestem Brands,302.94,302.94,PO000076687024,,Open,4871
73375,12/12/2019,I139442,Bluestem Brands,302.94,302.94,PO000076695742,,Open,4871
73376,12/12/2019,I139414,Bluestem Brands,239.00,239.00,PO000076657577,,Open,4871
73377,12/12/2019,I139413,Bluestem Brands,819.00,819.00,PO000076655899,,Open,4871
73371,12/13/2019,I139694,Bluestem Brands,294.00,294.00,PO000076705138,,Open,4871
73372,12/13/2019,I139642,Bluestem Brands,239.00,239.00,PO000076709010,,Open,4871
73342,12/16/2019,I140027,Bluestem Brands,302.94,302.94,PO000076860363,,Open,4871
73343,12/16/2019,I140026,Bluestem Brands,302.94,302.94,PO000076794884,,Open,4871
73344,12/16/2019,I140025,Bluestem Brands,302.94,302.94,PO000076841215,,Open,4871
73345,12/16/2019,I140024,Bluestem Brands,294.00,294.00,PO000076807240,,Open,4871
73346,12/16/2019,I140023,Bluestem Brands,302.94,302.94,PO000076799016,,Open,4871
73347,12/16/2019,I140009,Bluestem Brands,1497.92,1497.92,PO000076794087,,Open,4871
73348,12/16/2019,I140008,Bluestem Brands,1497.92,1497.92,PO000076909881,,Open,4871
73349,12/16/2019,I139914,Bluestem Brands,239.00,239.00,PO000076834082,,Open,4871
73350,12/16/2019,I139913,Bluestem Brands,302.94,302.94,PO000076857879,,Open,4871
73351,12/16/2019,I139907,Bluestem Brands,984.15,984.15,PO000076914250,,Open,4871
73352,12/16/2019,I139903,Bluestem Brands,796.47,796.47,PO000076786388,,Open,4871
73353,12/16/2019,I139882,Bluestem Brands,796.47,796.47,PO000076848183,,Open,4871
73354,12/16/2019,I139877,Bluestem Brands,796.47,796.47,PO000076795377,,Open,4871
73355,12/16/2019,I139869,Bluestem Brands,302.94,302.94,PO000076842606,,Open,4871
73356,12/16/2019,I139868,Bluestem Brands,294.00,294.00,PO000076873016,,Open,4871
73357,12/16/2019,I139867,Bluestem Brands,294.00,294.00,PO000076856880,,Open,4871
73358,12/16/2019,I139866,Bluestem Brands,294.00,294.00,PO000076865914,,Open,4871
73359,12/16/2019,I139860,Bluestem Brands,239.00,239.00,PO000076817649,,Open,4871
73360,12/16/2019,I139859,Bluestem Brands,239.00,239.00,PO000076769722,,Open,4871
73361,12/16/2019,I139858,Bluestem Brands,294.00,294.00,PO000076833816,,Open,4871
73362,12/16/2019,I139856,Bluestem Brands,239.00,239.00,PO000076909125,,Open,4871
73363,12/16/2019,I139855,Bluestem Brands,239.00,239.00,PO000076896947,,Open,4871
73364,12/16/2019,I139832,Bluestem Brands,294.00,294.00,PO000076760337,,Open,4871
73365,12/16/2019,I139831,Bluestem Brands,294.00,294.00,PO000076841179,,Open,4871
73366,12/16/2019,I139830,Bluestem Brands,294.00,294.00,PO000076807656,,Open,4871
73367,12/16/2019,I139829,Bluestem Brands,294.00,294.00,PO000076817755,,Open,4871
73368,12/16/2019,I139828,Bluestem Brands,294.00,294.00,PO000076813738,,Open,4871
73369,12/16/2019,I139826,Bluestem Brands,294.00,294.00,PO000076828476,,Open,4871
73370,12/16/2019,I139810,Bluestem Brands,819.00,819.00,PO000076832015,,Open,4871
73339,12/17/2019,I140154,Bluestem Brands,796.47,796.47,PO000076968014,,Open,4871
73340,12/17/2019,I140136,Bluestem Brands,91.49,91.49,PO000077000305,,Open,4871
73341,12/17/2019,I140127,Bluestem Brands,984.15,984.15,PO000076990272,,Open,4871
73324,12/18/2019,I140376,Bluestem Brands,341.00,341.00,PO000077049544,,Open,4871
73325,12/18/2019,I140371,Bluestem Brands,341.00,341.00,PO000077031961,,Open,4871
73326,12/18/2019,I140342,Bluestem Brands,1497.92,1497.92,PO000077056394,,Open,4871
73327,12/18/2019,I140335,Bluestem Brands,341.00,341.00,PO000077059335,,Open,4871
73328,12/18/2019,I140317,Bluestem Brands,1497.92,1497.92,PO000077053675,,Open,4871
73329,12/18/2019,I140308,Bluestem Brands,294.00,294.00,PO000077056877,,Open,4871
73330,12/18/2019,I140305,Bluestem Brands,341.00,341.00,PO000077063745,,Open,4871
73331,12/18/2019,I140295,Bluestem Brands,239.00,239.00,PO000077011068,,Open,4871
73332,12/18/2019,I140293,Bluestem Brands,302.94,302.94,PO000077063993,,Open,4871
73333,12/18/2019,I140292,Bluestem Brands,239.00,239.00,PO000077063070,,Open,4871
73334,12/18/2019,I140285,Bluestem Brands,302.94,302.94,PO000077049364,,Open,4871
73335,12/18/2019,I140284,Bluestem Brands,294.00,294.00,PO000077014978,,Open,4871
73336,12/18/2019,I140282,Bluestem Brands,294.00,294.00,PO000077045886,,Open,4871
73337,12/18/2019,I140279,Bluestem Brands,294.00,294.00,PO000077038327,,Open,4871
73338,12/18/2019,I140278,Bluestem Brands,302.94,302.94,PO000077025564,,Open,4871
73303,12/19/2019,I140564,Bluestem Brands,1091.00,1091.00,PO000077112248,,Open,4871
73304,12/19/2019,I140561,Bluestem Brands,239.00,239.00,PO000077076285,,Open,4871
73305,12/19/2019,I140544,Bluestem Brands,85.17,85.17,PO000077125647,,Open,4871
73306,12/19/2019,I140538,Bluestem Brands,85.17,85.17,PO000077124718,,Open,4871
73307,12/19/2019,I140537,Bluestem Brands,99.74,99.74,PO000077119376,,Open,4871
73308,12/19/2019,I140525,Bluestem Brands,99.74,99.74,PO000077133432,,Open,4871
73309,12/19/2019,I140510,Bluestem Brands,341.00,341.00,PO000077078782,,Open,4871
73310,12/19/2019,I140509,Bluestem Brands,341.00,341.00,PO000077075069,,Open,4871
73311,12/19/2019,I140505,Bluestem Brands,360.29,360.29,PO000077106835,,Open,4871
73312,12/19/2019,I140503,Bluestem Brands,796.47,796.47,PO000077105837,,Open,4871
73313,12/19/2019,I140493,Bluestem Brands,341.00,341.00,PO000077099324,,Open,4871
73314,12/19/2019,I140487,Bluestem Brands,302.94,302.94,PO000077076349,,Open,4871
73315,12/19/2019,I140486,Bluestem Brands,294.00,294.00,PO000077077162,,Open,4871
73316,12/19/2019,I140485,Bluestem Brands,294.00,294.00,PO000077098111,,Open,4871
73317,12/19/2019,I140484,Bluestem Brands,341.00,341.00,PO000077070404,,Open,4871
73318,12/19/2019,I140483,Bluestem Brands,984.15,984.15,PO000077086001,,Open,4871
73319,12/19/2019,I140481,Bluestem Brands,302.94,302.94,PO000077105503,,Open,4871
73320,12/19/2019,I140479,Bluestem Brands,819.00,819.00,PO000077100133,,Open,4871
73321,12/19/2019,I140476,Bluestem Brands,294.00,294.00,PO000077081404,,Open,4871
73322,12/19/2019,I140474,Bluestem Brands,294.00,294.00,PO000077072242,,Open,4871
73323,12/19/2019,I140467,Bluestem Brands,294.00,294.00,PO000077119717,,Open,4871
73278,12/20/2019,I140821,Bluestem Brands,99.74,99.74,PO000077154986,,Open,4871
73279,12/20/2019,I140819,Bluestem Brands,99.74,99.74,PO000077144426,,Open,4871
73280,12/20/2019,I140816,Bluestem Brands,85.17,85.17,PO000077147869,,Open,4871
73281,12/20/2019,I140815,Bluestem Brands,85.17,85.17,PO000077146852,,Open,4871
73282,12/20/2019,I140811,Bluestem Brands,85.17,85.17,PO000077170143,,Open,4871
73283,12/20/2019,I140810,Bluestem Brands,85.17,85.17,PO000077171711,,Open,4871
73284,12/20/2019,I140805,Bluestem Brands,85.17,85.17,PO000077137599,,Open,4871
73285,12/20/2019,I140804,Bluestem Brands,99.74,99.74,PO000077171655,,Open,4871
73286,12/20/2019,I140798,Bluestem Brands,85.17,85.17,PO000077177548,,Open,4871
73287,12/20/2019,I140771,Bluestem Brands,302.94,302.94,PO000077183814,,Open,4871
73288,12/20/2019,I140765,Bluestem Brands,341.00,341.00,PO000077180471,,Open,4871
73289,12/20/2019,I140760,Bluestem Brands,85.17,85.17,PO000077184379,,Open,4871
73290,12/20/2019,I140759,Bluestem Brands,341.00,341.00,PO000077143628,,Open,4871
73291,12/20/2019,I140756,Bluestem Brands,341.00,341.00,PO000077146060,,Open,4871
73292,12/20/2019,I140751,Bluestem Brands,294.00,294.00,PO000077162593,,Open,4871
73293,12/20/2019,I140748,Bluestem Brands,85.17,85.17,PO000077142037,,Open,4871
73294,12/20/2019,I140747,Bluestem Brands,85.17,85.17,PO000077139922,,Open,4871
73295,12/20/2019,I140740,Bluestem Brands,341.00,341.00,PO000077173540,,Open,4871
73296,12/20/2019,I140736,Bluestem Brands,85.17,85.17,PO000077175066,,Open,4871
73297,12/20/2019,I140734,Bluestem Brands,85.17,85.17,PO000077175524,,Open,4871
73298,12/20/2019,I140713,Bluestem Brands,85.17,85.17,PO000077164866,,Open,4871
73299,12/20/2019,I140712,Bluestem Brands,85.17,85.17,PO000077149224,,Open,4871
73300,12/20/2019,I140711,Bluestem Brands,85.17,85.17,PO000077147442,,Open,4871
73301,12/20/2019,I140710,Bluestem Brands,85.17,85.17,PO000077153646,,Open,4871
73302,12/20/2019,I140709,Bluestem Brands,85.17,85.17,PO000077148771,,Open,4871
73256,12/23/2019,I140994,Bluestem Brands,85.17,85.17,PO000077195081,,Open,4871
73257,12/23/2019,I140993,Bluestem Brands,85.17,85.17,PO000077229050,,Open,4871
73258,12/23/2019,I140992,Bluestem Brands,341.00,341.00,PO000077194473,,Open,4871
73259,12/23/2019,I140991,Bluestem Brands,341.00,341.00,PO000077196683,,Open,4871
73260,12/23/2019,I140990,Bluestem Brands,85.17,85.17,PO000077197595,,Open,4871
73261,12/23/2019,I140989,Bluestem Brands,85.17,85.17,PO000077191952,,Open,4871
73262,12/23/2019,I140988,Bluestem Brands,85.17,85.17,PO000077186673,,Open,4871
73263,12/23/2019,I140987,Bluestem Brands,85.17,85.17,PO000077186922,,Open,4871
73264,12/23/2019,I140986,Bluestem Brands,85.17,85.17,PO000077197012,,Open,4871
73265,12/23/2019,I140985,Bluestem Brands,1497.92,1497.92,PO000077196321,,Open,4871
73266,12/23/2019,I140984,Bluestem Brands,341.00,341.00,PO000077206535,,Open,4871
73267,12/23/2019,I140983,Bluestem Brands,341.00,341.00,PO000077207657,,Open,4871
73268,12/23/2019,I140979,Bluestem Brands,341.00,341.00,PO000077201185,,Open,4871
73269,12/23/2019,I140978,Bluestem Brands,85.17,85.17,PO000077192862,,Open,4871
73270,12/23/2019,I140977,Bluestem Brands,341.00,341.00,PO000077186105,,Open,4871
73271,12/23/2019,I140976,Bluestem Brands,341.00,341.00,PO000077210984,,Open,4871
73272,12/23/2019,I140972,Bluestem Brands,99.74,99.74,PO000077216810,,Open,4871
73273,12/23/2019,I140971,Bluestem Brands,99.74,99.74,PO000077197054,,Open,4871
73274,12/23/2019,I140949,Bluestem Brands,99.74,99.74,PO000077224269,,Open,4871
73275,12/23/2019,I140948,Bluestem Brands,99.74,99.74,PO000077214283,,Open,4871
73276,12/23/2019,I140903,Bluestem Brands,294.00,294.00,PO000077230988,,Open,4871
73277,12/23/2019,I140867,Bluestem Brands,239.00,239.00,PO000077217513,,Open,4871
73248,12/24/2019,I141071,Bluestem Brands,85.17,85.17,PO000077241842,,Open,4871
73249,12/24/2019,I141066,Bluestem Brands,85.17,85.17,PO000077239634,,Open,4871
73250,12/24/2019,I141062,Bluestem Brands,984.15,984.15,PO000077241388,,Open,4871
73251,12/24/2019,I141061,Bluestem Brands,302.94,302.94,PO000077235622,,Open,4871
73252,12/24/2019,I141060,Bluestem Brands,302.94,302.94,PO000077239948,,Open,4871
73253,12/24/2019,I141054,Bluestem Brands,796.47,796.47,PO000077243143,,Open,4871
73254,12/24/2019,I141053,Bluestem Brands,239.00,239.00,PO000077235839,,Open,4871
73255,12/24/2019,I141047,Bluestem Brands,99.74,99.74,PO000077244555,,Open,4871
73247,12/25/2019,I141203,Bluestem Brands,85.17,85.17,PO000077263509,,Open,4871
73236,12/26/2019,I141205,Bluestem Brands,341.00,341.00,PO000077268586,,Open,4871
73238,12/26/2019,I141192,Bluestem Brands,294.00,294.00,PO000077260882,,Open,4871
73239,12/26/2019,I141191,Bluestem Brands,85.17,85.17,PO000077263290,,Open,4871
73240,12/26/2019,I141190,Bluestem Brands,99.74,99.74,PO000077245784,,Open,4871
73241,12/26/2019,I141189,Bluestem Brands,239.00,239.00,PO000077264053,,Open,4871
73242,12/26/2019,I141188,Bluestem Brands,341.00,341.00,PO000077255291,,Open,4871
73243,12/26/2019,I141187,Bluestem Brands,99.74,99.74,PO000077263417,,Open,4871
73244,12/26/2019,I141186,Bluestem Brands,360.29,360.29,PO000077264385,,Open,4871
73245,12/26/2019,I141178,Bluestem Brands,1497.92,1497.92,PO000077257732,,Open,4871
73246,12/26/2019,I141163,Bluestem Brands,91.25,91.25,PO000077267768,,Open,4871
73233,12/27/2019,I141246,Bluestem Brands,341.00,341.00,PO000077272641,,Open,4871
73234,12/27/2019,I141244,Bluestem Brands,99.74,99.74,PO000077273786,,Open,4871
73235,12/27/2019,I141238,Bluestem Brands,341.00,341.00,PO000077270398,,Open,4871
73210,12/30/2019,I141517,Bluestem Brands,294.00,294.00,PO000077293471,,Open,4871
73211,12/30/2019,I141514,Bluestem Brands,294.00,294.00,PO000077292881,,Open,4871
73212,12/30/2019,I141513,Bluestem Brands,294.00,294.00,PO000077307026,,Open,4871
73213,12/30/2019,I141511,Bluestem Brands,984.15,984.15,PO000077286539,,Open,4871
73214,12/30/2019,I141506,Bluestem Brands,796.47,796.47,PO000077281479,,Open,4871
73215,12/30/2019,I141502,Bluestem Brands,341.00,341.00,PO000077286387,,Open,4871
73216,12/30/2019,I141501,Bluestem Brands,341.00,341.00,PO000077283263,,Open,4871
73217,12/30/2019,I141500,Bluestem Brands,341.00,341.00,PO000077293642,,Open,4871
73218,12/30/2019,I141499,Bluestem Brands,341.00,341.00,PO000077294337,,Open,4871
73219,12/30/2019,I141498,Bluestem Brands,341.00,341.00,PO000077298393,,Open,4871
73220,12/30/2019,I141496,Bluestem Brands,341.00,341.00,PO000077304747,,Open,4871
73221,12/30/2019,I141495,Bluestem Brands,341.00,341.00,PO000077301145,,Open,4871
73222,12/30/2019,I141493,Bluestem Brands,440.74,440.74,PO000077298017,,Open,4871
73223,12/30/2019,I141458,Bluestem Brands,99.74,99.74,PO000077287278,,Open,4871
73224,12/30/2019,I141457,Bluestem Brands,85.17,85.17,PO000077283647,,Open,4871
73225,12/30/2019,I141456,Bluestem Brands,85.17,85.17,PO000077298206,,Open,4871
73226,12/30/2019,I141439,Bluestem Brands,99.74,99.74,PO000077308029,,Open,4871
73227,12/30/2019,I141438,Bluestem Brands,99.74,99.74,PO000077284067,,Open,4871
73228,12/30/2019,I141431,Bluestem Brands,796.47,796.47,PO000077304677,,Open,4871
73229,12/30/2019,I141429,Bluestem Brands,85.17,85.17,PO000077279167,,Open,4871
73231,12/30/2019,I141427,Bluestem Brands,302.94,302.94,PO000077287437,,Open,4871
73232,12/30/2019,I141426,Bluestem Brands,302.94,302.94,PO000077300188,,Open,4871
73204,12/31/2019,I141607,Bluestem Brands,341.00,341.00,PO000077318701,,Open,4871
73205,12/31/2019,I141606,Bluestem Brands,341.00,341.00,PO000077313151,,Open,4871
73206,12/31/2019,I141597,Bluestem Brands,99.74,99.74,PO000077313250,,Open,4871
73207,12/31/2019,I141595,Bluestem Brands,99.74,99.74,PO000077311233,,Open,4871
73208,12/31/2019,I141580,Bluestem Brands,302.94,302.94,PO000077311042,,Open,4871
73209,12/31/2019,I141575,Bluestem Brands,294.00,294.00,PO000077319337,,Open,4871
74317,1/2/2020,I141949,Bluestem Brands,341.00,341.00,PO000077321519,,Open,4871
74318,1/2/2020,I141741,Bluestem Brands,99.74,99.74,PO000077333898,,Open,4871
74319,1/2/2020,I141740,Bluestem Brands,99.74,99.74,PO000077333946,,Open,4871
74320,1/2/2020,I141738,Bluestem Brands,984.15,984.15,PO000077331738,,Open,4871
74321,1/2/2020,I141737,Bluestem Brands,99.74,99.74,PO000077331093,,Open,4871
74323,1/2/2020,I141723,Bluestem Brands,341.00,341.00,PO000077329796,,Open,4871
74324,1/2/2020,I141722,Bluestem Brands,341.00,341.00,PO000077327738,,Open,4871
74325,1/2/2020,I141721,Bluestem Brands,341.00,341.00,PO000077336625,,Open,4871
74326,1/2/2020,I141720,Bluestem Brands,341.00,341.00,PO000077334754,,Open,4871
74327,1/2/2020,I141719,Bluestem Brands,341.00,341.00,PO000077327428,,Open,4871
74328,1/2/2020,I141708,Bluestem Brands,341.00,341.00,PO000077342484,,Open,4871
74329,1/2/2020,I141695,Bluestem Brands,796.47,796.47,PO000077330470,,Open,4871
74316,1/3/2020,I141841,Bluestem Brands,341.00,341.00,PO000077350754,,Open,4871
74311,1/6/2020,I142002,Bluestem Brands,984.15,984.15,PO000077366890,,Open,4871
74312,1/6/2020,I141994,Bluestem Brands,79.79,79.79,PO000077374136,,Open,4871
74313,1/6/2020,I141992,Bluestem Brands,294.00,294.00,PO000077379796,,Open,4871
74315,1/6/2020,I141980,Bluestem Brands,640.20,640.20,PO000077366847,,Open,4871
74309,1/7/2020,I142084,Bluestem Brands,99.74,99.74,PO000077383673,,Open,4871
74310,1/7/2020,I142066,Bluestem Brands,819.00,819.00,PO000077384811,,Open,4871
74305,1/8/2020,I142184,Bluestem Brands,99.74,99.74,PO000077406547,,Open,4871
74306,1/8/2020,I142165,Bluestem Brands,796.47,796.47,PO000077402622,,Open,4871
74304,1/9/2020,I142250,Bluestem Brands,99.74,99.74,PO000077412098,,Open,4871
74302,1/10/2020,I142360,Bluestem Brands,294.00,294.00,PO000077430962,,Open,4871
74303,1/10/2020,I142351,Bluestem Brands,302.94,302.94,PO000077424955,,Open,4871
74296,1/13/2020,I142490,Bluestem Brands,99.74,99.74,PO000077458957,,Open,4871
74299,1/13/2020,I142434,Bluestem Brands,819.00,819.00,PO000077435387,,Open,4871
74301,1/13/2020,I142426,Bluestem Brands,99.74,99.74,PO000077458421,,Open,4871
74291,1/15/2020,I142667,Bluestem Brands,796.47,796.47,PO000077487493,,Open,4871
74292,1/15/2020,I142663,Bluestem Brands,294.00,294.00,PO000077491973,,Open,4871
74288,1/16/2020,I142829,Bluestem Brands,294.00,294.00,PO000077499158,,Open,4871
74289,1/16/2020,I142823,Bluestem Brands,79.79,79.79,PO000077500445,,Open,4871
74290,1/16/2020,I142796,Bluestem Brands,99.74,99.74,PO000077508216,,Open,4871
74283,1/20/2020,I143029,Bluestem Brands,294.00,294.00,PO000077521835,,Open,4871
74285,1/20/2020,I143010,Bluestem Brands,99.74,99.74,PO000077537390,,Open,4871
74286,1/20/2020,I143006,Bluestem Brands,99.74,99.74,PO000077539917,,Open,4871
74287,1/20/2020,I143005,Bluestem Brands,796.47,796.47,PO000077535951,,Open,4871
74282,1/21/2020,I143145,Bluestem Brands,1497.92,1497.92,PO000077555933,,Open,4871
74280,1/22/2020,I143274,Bluestem Brands,99.74,99.74,PO000077567897,,Open,4871
74281,1/22/2020,I143259,Bluestem Brands,984.15,984.15,PO000077564218,,Open,4871
74278,1/23/2020,I143387,Bluestem Brands,99.74,99.74,PO000077573343,,Open,4871
74275,1/24/2020,I143508,Bluestem Brands,984.15,984.15,PO000077584634,,Open,4871
74276,1/24/2020,I143507,Bluestem Brands,819.00,819.00,PO000077580424,,Open,4871
74277,1/24/2020,I143506,Bluestem Brands,294.00,294.00,PO000077588016,,Open,4871
74267,1/27/2020,I143636,Bluestem Brands,302.94,302.94,PO000077613995,,Open,4871
74268,1/27/2020,I143632,Bluestem Brands,239.00,239.00,PO000077614204,,Open,4871
74269,1/27/2020,I143616,Bluestem Brands,85.17,85.17,PO000077605407,,Open,4871
74270,1/27/2020,I143613,Bluestem Brands,99.74,99.74,PO000077598495,,Open,4871
74271,1/27/2020,I143601,Bluestem Brands,984.15,984.15,PO000077608564,,Open,4871
74272,1/27/2020,I143600,Bluestem Brands,85.17,85.17,PO000077595652,,Open,4871
74273,1/27/2020,I143599,Bluestem Brands,85.17,85.17,PO000077598993,,Open,4871
74274,1/27/2020,I143598,Bluestem Brands,85.17,85.17,PO000077596816,,Open,4871
74266,1/28/2020,I143729,Bluestem Brands,1091.00,1091.00,PO000077617728,,Open,4871
74260,1/29/2020,I143859,Bluestem Brands,85.17,85.17,PO000077627016,,Open,4871
74261,1/29/2020,I143858,Bluestem Brands,85.17,85.17,PO000077632772,,Open,4871
74262,1/29/2020,I143849,Bluestem Brands,85.17,85.17,PO000077628787,,Open,4871
74263,1/29/2020,I143847,Bluestem Brands,85.17,85.17,PO000077628409,,Open,4871
74264,1/29/2020,I143844,Bluestem Brands,819.00,819.00,PO000077631209,,Open,4871
74265,1/29/2020,I143825,Bluestem Brands,85.17,85.17,PO000077633726,,Open,4871
74257,1/30/2020,I143964,Bluestem Brands,99.74,99.74,PO000077636476,,Open,4871
74258,1/30/2020,I143941,Bluestem Brands,85.17,85.17,PO000077638687,,Open,4871
74259,1/30/2020,I143933,Bluestem Brands,302.94,302.94,PO000077641964,,Open,4871
74251,1/31/2020,I144133,Bluestem Brands,819.00,819.00,PO000077646274,,Open,4871
74252,1/31/2020,I144129,Bluestem Brands,99.74,99.74,PO000077652225,,Open,4871
74253,1/31/2020,I144127,Bluestem Brands,99.74,99.74,PO000077645579,,Open,4871
74254,1/31/2020,I144126,Bluestem Brands,85.17,85.17,PO000077650886,,Open,4871
74255,1/31/2020,I144116,Bluestem Brands,85.17,85.17,PO000077653734,,Open,4871
74256,1/31/2020,I144100,Bluestem Brands,99.74,99.74,PO000077656228,,Open,4871
74239,2/3/2020,I144288,Bluestem Brands,79.79,79.79,PO000077677772,,Open,4871
74240,2/3/2020,I144287,Bluestem Brands,294.00,294.00,PO000077666184,,Open,4871
74241,2/3/2020,I144242,Bluestem Brands,99.74,99.74,PO000077662176,,Open,4871
74242,2/3/2020,I144241,Bluestem Brands,99.74,99.74,PO000077660379,,Open,4871
74243,2/3/2020,I144240,Bluestem Brands,341.00,341.00,PO000077670263,,Open,4871
74244,2/3/2020,I144239,Bluestem Brands,341.00,341.00,PO000077660387,,Open,4871
74245,2/3/2020,I144238,Bluestem Brands,341.00,341.00,PO000077659571,,Open,4871
74246,2/3/2020,I144237,Bluestem Brands,984.15,984.15,PO000077665054,,Open,4871
74247,2/3/2020,I144232,Bluestem Brands,85.17,85.17,PO000077663050,,Open,4871
74248,2/3/2020,I144231,Bluestem Brands,85.17,85.17,PO000077662865,,Open,4871
74249,2/3/2020,I144230,Bluestem Brands,85.17,85.17,PO000077674253,,Open,4871
74250,2/3/2020,I144216,Bluestem Brands,239.00,239.00,PO000077659395,,Open,4871
74234,2/4/2020,I144397,Bluestem Brands,85.17,85.17,PO000077690132,,Open,4871
74235,2/4/2020,I144396,Bluestem Brands,85.17,85.17,PO000077686067,,Open,4871
74236,2/4/2020,I144394,Bluestem Brands,360.29,360.29,PO000077685054,,Open,4871
74237,2/4/2020,I144374,Bluestem Brands,99.74,99.74,PO000077692637,,Open,4871
74238,2/4/2020,I144373,Bluestem Brands,199.48,199.48,PO000077692397,,Open,4871
74227,2/5/2020,I144486,Bluestem Brands,99.74,99.74,PO000077694564,,Open,4871
74228,2/5/2020,I144483,Bluestem Brands,294.00,294.00,PO000077702815,,Open,4871
74230,2/5/2020,I144478,Bluestem Brands,294.00,294.00,PO000077701341,,Open,4871
74231,2/5/2020,I144474,Bluestem Brands,294.00,294.00,PO000077705202,,Open,4871
74232,2/5/2020,I144471,Bluestem Brands,85.17,85.17,PO000077705835,,Open,4871
74221,2/7/2020,I147142,Bluestem Brands,796.47,796.47,PO000077736210,,Open,4871
74222,2/7/2020,I144701,Bluestem Brands,85.17,85.17,PO000077730155,,Open,4871
74223,2/7/2020,I144698,Bluestem Brands,640.20,640.20,PO000077722905,,Open,4871
74224,2/7/2020,I144697,Bluestem Brands,99.74,99.74,PO000077722769,,Open,4871
74225,2/7/2020,I144695,Bluestem Brands,85.17,85.17,PO000077727409,,Open,4871
74226,2/7/2020,I144694,Bluestem Brands,85.17,85.17,PO000077722451,,Open,4871
74208,2/10/2020,I144817,Bluestem Brands,99.74,99.74,PO000077777085,,Open,4871
74209,2/10/2020,I144803,Bluestem Brands,85.17,85.17,PO000077745187,,Open,4871
74210,2/10/2020,I144795,Bluestem Brands,796.47,796.47,PO000077775337,,Open,4871
74211,2/10/2020,I144790,Bluestem Brands,984.15,984.15,PO000077748861,,Open,4871
74212,2/10/2020,I144783,Bluestem Brands,85.17,85.17,PO000077760075,,Open,4871
74213,2/10/2020,I144771,Bluestem Brands,99.74,99.74,PO000077738789,,Open,4871
74214,2/10/2020,I144770,Bluestem Brands,85.17,85.17,PO000077756486,,Open,4871
74215,2/10/2020,I144768,Bluestem Brands,99.74,99.74,PO000077774299,,Open,4871
74216,2/10/2020,I144766,Bluestem Brands,99.74,99.74,PO000077774955,,Open,4871
74218,2/10/2020,I144762,Bluestem Brands,159.58,159.58,PO000077775806,,Open,4871
74219,2/10/2020,I144760,Bluestem Brands,99.74,99.74,PO000077776074,,Open,4871
74220,2/10/2020,I144759,Bluestem Brands,182.98,182.98,PO000077775879,,Open,4871
74201,2/11/2020,I144888,Bluestem Brands,99.74,99.74,PO000077787256,,Open,4871
74202,2/11/2020,I144881,Bluestem Brands,85.17,85.17,PO000077773541,,Open,4871
74203,2/11/2020,I144880,Bluestem Brands,85.17,85.17,PO000077772097,,Open,4871
74204,2/11/2020,I144879,Bluestem Brands,85.17,85.17,PO000077765836,,Open,4871
74205,2/11/2020,I144878,Bluestem Brands,85.17,85.17,PO000077775665,,Open,4871
74206,2/11/2020,I144877,Bluestem Brands,85.17,85.17,PO000077763229,,Open,4871
74207,2/11/2020,I144871,Bluestem Brands,640.20,640.20,PO000077789843,,Open,4871
74198,2/12/2020,I145014,Bluestem Brands,302.94,302.94,PO000077799119,,Open,4871
74199,2/12/2020,I145008,Bluestem Brands,360.29,360.29,PO000077796760,,Open,4871
74200,2/12/2020,I144977,Bluestem Brands,99.74,99.74,PO000077802958,,Open,4871
74197,2/13/2020,I145066,Bluestem Brands,302.94,302.94,PO000077804834,,Open,4871
74196,2/14/2020,I145203,Bluestem Brands,294.00,294.00,PO000077815462,,Open,4871
74183,2/17/2020,I147144,Bluestem Brands,99.74,99.74,PO000077849256,,Open,4871
74184,2/17/2020,I145371,Bluestem Brands,294.00,294.00,PO000077842652,,Open,4871
74185,2/17/2020,I145368,Bluestem Brands,302.94,302.94,PO000077846216,,Open,4871
74186,2/17/2020,I145367,Bluestem Brands,99.74,99.74,PO000077852661,,Open,4871
74187,2/17/2020,I145346,Bluestem Brands,99.74,99.74,PO000077849587,,Open,4871
74188,2/17/2020,I145343,Bluestem Brands,99.74,99.74,PO000077831137,,Open,4871
74189,2/17/2020,I145342,Bluestem Brands,99.74,99.74,PO000077835459,,Open,4871
74190,2/17/2020,I145340,Bluestem Brands,99.74,99.74,PO000077837831,,Open,4871
74191,2/17/2020,I145339,Bluestem Brands,99.74,99.74,PO000077848259,,Open,4871
74192,2/17/2020,I145336,Bluestem Brands,984.15,984.15,PO000077848077,,Open,4871
74193,2/17/2020,I145335,Bluestem Brands,984.15,984.15,PO000077833299,,Open,4871
74194,2/17/2020,I145326,Bluestem Brands,984.15,984.15,PO000077845668,,Open,4871
74182,2/18/2020,I145403,Bluestem Brands,99.74,99.74,PO000077860212,,Open,4871
74177,2/19/2020,I145474,Bluestem Brands,239.00,239.00,PO000077868028,,Open,4871
74178,2/19/2020,I145473,Bluestem Brands,159.58,159.58,PO000077869769,,Open,4871
74179,2/19/2020,I145472,Bluestem Brands,99.74,99.74,PO000077870139,,Open,4871
74180,2/19/2020,I145469,Bluestem Brands,99.74,99.74,PO000077866314,,Open,4871
74181,2/19/2020,I145467,Bluestem Brands,99.74,99.74,PO000077872970,,Open,4871
74175,2/20/2020,I145588,Bluestem Brands,85.17,85.17,PO000077882236,,Open,4871
74176,2/20/2020,I145574,Bluestem Brands,294.00,294.00,PO000077878213,,Open,4871
74174,2/21/2020,I145686,Bluestem Brands,85.17,85.17,PO000077885537,,Open,4871
74164,2/24/2020,I145803,Bluestem Brands,239.00,239.00,PO000077905798,,Open,4871
74165,2/24/2020,I145801,Bluestem Brands,99.74,99.74,PO000077912387,,Open,4871
74166,2/24/2020,I145799,Bluestem Brands,85.17,85.17,PO000077914005,,Open,4871
74167,2/24/2020,I145798,Bluestem Brands,85.17,85.17,PO000077915868,,Open,4871
74168,2/24/2020,I145797,Bluestem Brands,85.17,85.17,PO000077899353,,Open,4871
74169,2/24/2020,I145795,Bluestem Brands,302.94,302.94,PO000077903391,,Open,4871
74170,2/24/2020,I145794,Bluestem Brands,85.17,85.17,PO000077901618,,Open,4871
74171,2/24/2020,I145793,Bluestem Brands,294.00,294.00,PO000077904050,,Open,4871
74172,2/24/2020,I145791,Bluestem Brands,294.00,294.00,PO000077920515,,Open,4871
74173,2/24/2020,I145789,Bluestem Brands,302.94,302.94,PO000077916191,,Open,4871
74163,2/25/2020,I145916,Bluestem Brands,85.17,85.17,PO000077922382,,Open,4871
74153,2/26/2020,I146023,Bluestem Brands,99.74,99.74,PO000077944487,,Open,4871
74154,2/26/2020,I146012,Bluestem Brands,85.17,85.17,PO000077943161,,Open,4871
74155,2/26/2020,I146011,Bluestem Brands,294.00,294.00,PO000077941658,,Open,4871
74156,2/26/2020,I145994,Bluestem Brands,85.17,85.17,PO000077931185,,Open,4871
74157,2/26/2020,I145993,Bluestem Brands,85.17,85.17,PO000077929269,,Open,4871
74158,2/26/2020,I145991,Bluestem Brands,984.15,984.15,PO000077935437,,Open,4871
74159,2/26/2020,I145988,Bluestem Brands,85.17,85.17,PO000077934175,,Open,4871
74160,2/26/2020,I145987,Bluestem Brands,85.17,85.17,PO000077937534,,Open,4871
74161,2/26/2020,I145983,Bluestem Brands,85.17,85.17,PO000077937960,,Open,4871
74162,2/26/2020,I145967,Bluestem Brands,239.00,239.00,PO000077946156,,Open,4871
74148,2/27/2020,I146131,Bluestem Brands,85.17,85.17,PO000077951432,,Open,4871
74149,2/27/2020,I146130,Bluestem Brands,85.17,85.17,PO000077952227,,Open,4871
74150,2/27/2020,I146129,Bluestem Brands,85.17,85.17,PO000077949698,,Open,4871
74151,2/27/2020,I146128,Bluestem Brands,294.00,294.00,PO000077950885,,Open,4871
74141,2/28/2020,I146297,Bluestem Brands,99.74,99.74,PO000077964867,,Open,4871
74142,2/28/2020,I146296,Bluestem Brands,85.17,85.17,PO000077961079,,Open,4871
74143,2/28/2020,I146280,Bluestem Brands,85.17,85.17,PO000077973575,,Open,4871
74144,2/28/2020,I146259,Bluestem Brands,99.74,99.74,PO000077970510,,Open,4871
74145,2/28/2020,I146258,Bluestem Brands,85.17,85.17,PO000077969526,,Open,4871
74146,2/28/2020,I146257,Bluestem Brands,302.94,302.94,PO000077962184,,Open,4871
74147,2/28/2020,I146251,Bluestem Brands,99.74,99.74,PO000077971510,,Open,4871
74130,3/2/2020,I146393,Bluestem Brands,79.79,79.79,PO000077995896,,Open,4871
74131,3/2/2020,I146392,Bluestem Brands,294.00,294.00,PO000077977550,,Open,4871
74132,3/2/2020,I146391,Bluestem Brands,294.00,294.00,PO000077998481,,Open,4871
74133,3/2/2020,I146390,Bluestem Brands,294.00,294.00,PO000077991339,,Open,4871
74134,3/2/2020,I146388,Bluestem Brands,99.74,99.74,PO000077991669,,Open,4871
74135,3/2/2020,I146387,Bluestem Brands,85.17,85.17,PO000077982393,,Open,4871
74136,3/2/2020,I146386,Bluestem Brands,85.17,85.17,PO000077981358,,Open,4871
74137,3/2/2020,I146385,Bluestem Brands,85.17,85.17,PO000077981034,,Open,4871
74138,3/2/2020,I146384,Bluestem Brands,85.17,85.17,PO000077980850,,Open,4871
74139,3/2/2020,I146382,Bluestem Brands,796.47,796.47,PO000077980245,,Open,4871
74140,3/2/2020,I146363,Bluestem Brands,85.17,85.17,PO000077977438,,Open,4871
74129,3/3/2020,I146478,Bluestem Brands,85.17,85.17,PO000078022741,,Open,4871
74120,3/4/2020,I147145,Bluestem Brands,85.17,85.17,PO000078033141,,Open,4871
74121,3/4/2020,I146590,Bluestem Brands,294.00,294.00,PO000078036878,,Open,4871
74122,3/4/2020,I146589,Bluestem Brands,99.74,99.74,PO000078036365,,Open,4871
74123,3/4/2020,I146580,Bluestem Brands,79.79,79.79,PO000078042110,,Open,4871
74124,3/4/2020,I146578,Bluestem Brands,159.58,159.58,PO000078043059,,Open,4871
74125,3/4/2020,I146577,Bluestem Brands,85.17,85.17,PO000078042245,,Open,4871
74126,3/4/2020,I146570,Bluestem Brands,99.74,99.74,PO000078029563,,Open,4871
74127,3/4/2020,I146569,Bluestem Brands,85.17,85.17,PO000078031991,,Open,4871
74128,3/4/2020,I146550,Bluestem Brands,85.17,85.17,PO000078040890,,Open,4871
74114,3/5/2020,I146670,Bluestem Brands,796.47,796.47,PO000078046783,,Open,4871
74115,3/5/2020,I146668,Bluestem Brands,85.17,85.17,PO000078051569,,Open,4871
74116,3/5/2020,I146666,Bluestem Brands,170.34,170.34,PO000078045519,,Open,4871
74117,3/5/2020,I146647,Bluestem Brands,159.58,159.58,PO000078056709,,Open,4871
74118,3/5/2020,I146638,Bluestem Brands,85.17,85.17,PO000078054720,,Open,4871
74119,3/5/2020,I146637,Bluestem Brands,85.17,85.17,PO000078054360,,Open,4871
73605,4/2/2020,CN-25692,Bluestem Brands,85.17,-85.17,I146872 PO000078073698 RTN 8651,,Open,4871
73606,4/2/2020,CN-25690,Bluestem Brands,1497.92,-1497.92,I147496 PO000078183506  RTN 8652,,Open,4871
73604,4/3/2020,CN-25706,Bluestem Brands,99.74,-99.74,I147521  PO000078174114  RTN 8688,,Open,4871
74110,4/13/2020,I149473,Bluestem Brands,24.48,24.48,PO000078535295,,Open,4871
73497,4/14/2020,CN-25645,Bluestem Brands,193.19,-193.19,I148383 PO000078327210 RTN 8747,,Open,4871
73494,4/21/2020,CN-25681,Bluestem Brands,193.19,-193.19,I149295  PO000078477504 RTN 8810,,Open,4871
73490,4/27/2020,CN-25702,Bluestem Brands,86.87,-86.87,I149522  PO000078502798 RTN 8891,,Open,4871
73485,5/14/2020,CN-25790,Bluestem Brands,440.64,-440.64,I153210  PO000079048049 RTN 9007,,Open,4871
73483,5/21/2020,CN-25841,Bluestem Brands,440.64,-440.64,I153177 PO000079043587 RTN 9067,,Open,4871
73482,5/27/2020,CN-25863,Bluestem Brands,440.64,-440.64,I155639  PO000079204884 RTN 9142,,Open,4871
73480,6/2/2020,CN-25952,Bluestem Brands,290.27,-290.27,I155295  PO000079173571 RTN 9210,,Open,4871
73481,6/2/2020,CN-25951,Bluestem Brands,86.87,-86.87,I156622 PO000079305217 RTN 9208,,Open,4871
73475,6/11/2020,CN-25999,Bluestem Brands,86.87,-86.87,I156202  PO000079288775 RTN 9318,,Open,4871
73476,6/11/2020,CN-25998,Bluestem Brands,85.17,-85.17,I147535 PO000078157088  RTN 9321,,Open,4871
73472,6/24/2020,CN-26113,Bluestem Brands,290.27,-290.27,I160287   PO000079706340  RTN 9521,,Open,4871
73471,6/25/2020,CN-26124,Bluestem Brands,290.27,-290.27,I161269   PO000079826215 RTN 9571,,Open,4871
73735,7/7/2020,CN-26210,Bluestem Brands,311.30,-311.30,I162018   PO000079962761  RTN 9663,,Open,4871
73689,8/27/2020,CN-26577,Bluestem Brands,290.27,-290.27,I168128  PO000080584552 RTN 10138,,Open,4871
73683,8/31/2020,CN-26595,Bluestem Brands,290.27,-290.27,I168774  PO000080664629 RTN 10194,,Open,4871
73770,1/26/2021,ach 200108404744,Bluestem Brands,12712.68,-12712.68,ach 200108404744,,Open,4871
388849,6/15/2021,CM40558258,Bluestem Brands,529.30,-1201.25,I301212 - PO000086318079,PO000086318079,Open,4871
678324,7/21/2021,CM40558549,Bluestem Brands,86.87,-86.87,I6000327 -  O5261462 - PO000086889112,I6000327 -  O5261462 - PO000086889112,Open,4871
1280982,9/21/2021,CM40558846,Bluestem Brands,350.88,-350.88,"for credit, sealed back to stock O5268951 = I6003345",PO000087763002 = I6003345 = O5268951,Open,4871
1355741,9/28/2021,I6004035,Bluestem Brands,529.30,529.30,,PO000087998057,Open,4871
1536675,10/19/2021,CM40558995,Bluestem Brands,708.27,-708.27,Refund Return To Shipper O5273107 = I6004611,PO000088232485 = O5273107 = I6004611,Open,4871
1718969,11/2/2021,CM40559060,Bluestem Brands,86.87,-86.87,Refund Return To Shipper O5274532 = I6005078,PO000088443544 = O5274532 = I6005078,Open,4871
2268436,12/8/2021,CM40559181,Bluestem Brands,86.87,-86.87,return to Shipper (UDI Completed) refund order O5286477,PO000089948633,Open,4871
2296010,12/10/2021,I26068394,Bluestem Brands,708.27,708.27,,PO000090262133,Open,4871
2324010,12/10/2021,CM40559199,Bluestem Brands,708.27,-708.27,CANCELLED REFUND ORDER O5288553,PO000090262133  =  I26068394,Open,4871
3271963,2/21/2022,I260703601,Bluestem Brands,311.69,311.69,,PO000091335855,Open,4871
3283380,2/21/2022,CM40559818,Bluestem Brands,311.69,-311.69,Order cancelled (do not bill) (Sealed BTS),PO000091335855 = O5300037 = I260703601,Open,4871
3343758,2/28/2022,I260703839,Bluestem Brands,398.20,398.20,,PO000091431627,Open,4871
3343763,2/28/2022,I260703847,Bluestem Brands,877.61,877.61,,PO000091426765,Open,4871
3343855,2/28/2022,I260703834,Bluestem Brands,141.65,141.65,,PO000091416619,Open,4871
3343856,2/28/2022,I260703836,Bluestem Brands,141.65,141.65,,PO000091436823,Open,4871
3343860,2/28/2022,I260703842,Bluestem Brands,529.30,529.30,,PO000091425365,Open,4871
3343874,2/28/2022,I260703862,Bluestem Brands,398.20,398.20,,PO000091431471,Open,4871
3343876,2/28/2022,I260703866,Bluestem Brands,874.35,874.35,,PO000091413817,Open,4871
3343878,2/28/2022,I260703869,Bluestem Brands,529.30,529.30,,PO000091427365,Open,4871
3355821,3/1/2022,I260703945,Bluestem Brands,529.30,529.30,,PO000091447749,Open,4871
3355823,3/1/2022,I260703946,Bluestem Brands,398.20,398.20,,PO000091447790,Open,4871
3355830,3/1/2022,I260703951,Bluestem Brands,398.20,398.20,,PO000091444330,Open,4871
3367563,3/2/2022,I260703988,Bluestem Brands,398.20,398.20,,PO000091457605,Open,4871
3367661,3/2/2022,I260703987,Bluestem Brands,1136.36,1136.36,,PO000091457461,Open,4871
3380341,3/3/2022,I260704046,Bluestem Brands,529.30,529.30,,PO000091450240,Open,4871
3380342,3/3/2022,I260704048,Bluestem Brands,398.20,398.20,,PO000091471865,Open,4871
3380435,3/3/2022,I260704034,Bluestem Brands,398.20,398.20,,PO000091463580,Open,4871
3380444,3/3/2022,I260704047,Bluestem Brands,265.20,265.20,,PO000091471433,Open,4871
3405311,3/4/2022,I260704076,Bluestem Brands,529.30,529.30,,PO000091477630,Open,4871
3405314,3/4/2022,I260704080,Bluestem Brands,141.65,141.65,,PO000091479256,Open,4871
3405321,3/4/2022,I260704089,Bluestem Brands,529.30,529.30,,PO000091479998,Open,4871
3405323,3/4/2022,I260704093,Bluestem Brands,265.20,265.20,,PO000091483246,Open,4871
3405327,3/4/2022,I260704099,Bluestem Brands,265.20,265.20,,PO000091480337,Open,4871
3405413,3/4/2022,I260704079,Bluestem Brands,265.20,265.20,,PO000091479693,Open,4871
3405416,3/4/2022,I260704084,Bluestem Brands,265.20,265.20,,PO000091483125,Open,4871
3405417,3/4/2022,I260704086,Bluestem Brands,265.20,265.20,,PO000091480737,Open,4871
3405510,3/4/2022,I260704116,Bluestem Brands,265.20,265.20,,PO000091479568,Open,4871
3417351,3/7/2022,I260704139,Bluestem Brands,398.20,398.20,,PO000091487993,Open,4871
3417354,3/7/2022,I260704143,Bluestem Brands,1139.18,1139.18,,PO000091499597,Open,4871
3417358,3/7/2022,I260704149,Bluestem Brands,529.30,529.30,,PO000091517784,Open,4871
3417359,3/7/2022,I260704151,Bluestem Brands,265.20,265.20,,PO000091501737,Open,4871
3417362,3/7/2022,I260704157,Bluestem Brands,265.20,265.20,,PO000091494627,Open,4871
3417363,3/7/2022,I260704159,Bluestem Brands,398.20,398.20,,PO000091486522,Open,4871
3417371,3/7/2022,I260704173,Bluestem Brands,708.27,708.27,,PO000091505138,Open,4871
3417373,3/7/2022,I260704177,Bluestem Brands,529.30,529.30,,PO000091499248,Open,4871
3417375,3/7/2022,I260704181,Bluestem Brands,265.20,265.20,,PO000091494348,Open,4871
3417376,3/7/2022,I260704183,Bluestem Brands,398.20,398.20,,PO000091496774,Open,4871
3417380,3/7/2022,I260704192,Bluestem Brands,529.30,529.30,,PO000091500706,Open,4871
3417445,3/7/2022,I260704128,Bluestem Brands,141.65,141.65,,PO000091505627,Open,4871
3417460,3/7/2022,I260704152,Bluestem Brands,265.20,265.20,,PO000091488987,Open,4871
3417468,3/7/2022,I260704168,Bluestem Brands,398.20,398.20,,PO000091511694,Open,4871
3417474,3/7/2022,I260704178,Bluestem Brands,265.20,265.20,,PO000091491440,Open,4871
3417484,3/7/2022,I260704197,Bluestem Brands,398.20,398.20,,PO000091496235,Open,4871
3428148,3/8/2022,I260704227,Bluestem Brands,398.20,398.20,,PO000091522435,Open,4871
3428156,3/8/2022,I260704236,Bluestem Brands,1139.18,1139.18,,PO000091520562,Open,4871
3435611,3/9/2022,I260704292,Bluestem Brands,529.30,529.30,,PO000091536583,Open,4871
3435714,3/9/2022,I260704299,Bluestem Brands,398.20,398.20,,PO000091533380,Open,4871
3444989,3/10/2022,I260704339,Bluestem Brands,265.20,265.20,,PO000091543921,Open,4871
3445007,3/10/2022,I260704369,Bluestem Brands,311.69,311.69,,PO000091547500,Open,4871
3445020,3/10/2022,I260704389,Bluestem Brands,265.20,265.20,,PO000091547825,Open,4871
3445091,3/10/2022,I260704342,Bluestem Brands,311.69,311.69,,PO000091546908,Open,4871
3445114,3/10/2022,I260704375,Bluestem Brands,265.20,265.20,,PO000091546041,Open,4871
3476639,3/11/2022,I260704428,Bluestem Brands,265.20,265.20,,PO000091551616,Open,4871
3476656,3/11/2022,I260704452,Bluestem Brands,529.30,529.30,,PO000091552003,Open,4871
3476734,3/11/2022,I260704421,Bluestem Brands,529.30,529.30,,PO000091558075,Open,4871
3476754,3/11/2022,I260704449,Bluestem Brands,398.20,398.20,,PO000091551526,Open,4871
3476758,3/11/2022,I260704455,Bluestem Brands,265.20,265.20,,PO000091553939,Open,4871
3488039,3/14/2022,I260704471,Bluestem Brands,265.20,265.20,,PO000091563508,Open,4871
3488041,3/14/2022,I260704475,Bluestem Brands,265.20,265.20,,PO000091587325,Open,4871
3488042,3/14/2022,I260704477,Bluestem Brands,398.20,398.20,,PO000091569355,Open,4871
3488046,3/14/2022,I260704484,Bluestem Brands,398.20,398.20,,PO000091571964,Open,4871
3488049,3/14/2022,I260704489,Bluestem Brands,141.65,141.65,,PO000091585450,Open,4871
3488052,3/14/2022,I260704495,Bluestem Brands,529.30,529.30,,PO000091561909,Open,4871
3488053,3/14/2022,I260704497,Bluestem Brands,529.30,529.30,,PO000091583736,Open,4871
3488058,3/14/2022,I260704504,Bluestem Brands,437.69,437.69,,PO000091578094,Open,4871
3488066,3/14/2022,I260704518,Bluestem Brands,265.20,265.20,,PO000091577132,Open,4871
3488143,3/14/2022,I260704479,Bluestem Brands,265.20,265.20,,PO000091581113,Open,4871
3488146,3/14/2022,I260704485,Bluestem Brands,1136.36,1136.36,,PO000091560193,Open,4871
3488150,3/14/2022,I260704494,Bluestem Brands,529.30,529.30,,PO000091560915,Open,4871
3488151,3/14/2022,I260704496,Bluestem Brands,265.20,265.20,,PO000091582703,Open,4871
3488159,3/14/2022,I260704511,Bluestem Brands,398.20,398.20,,PO000091587258,Open,4871
3498279,3/15/2022,I260704547,Bluestem Brands,529.30,529.30,,PO000091589835,Open,4871
3498282,3/15/2022,I260704550,Bluestem Brands,398.20,398.20,,PO000091587502,Open,4871
3498285,3/15/2022,I260704557,Bluestem Brands,265.20,265.20,,PO000091591762,Open,4871
3498290,3/15/2022,I260704565,Bluestem Brands,265.20,265.20,,PO000091588191,Open,4871
3498376,3/15/2022,I260704544,Bluestem Brands,141.65,141.65,,PO000091588993,Open,4871
3498381,3/15/2022,I260704551,Bluestem Brands,874.35,874.35,,PO000091587590,Open,4871
3498382,3/15/2022,I260704553,Bluestem Brands,1139.18,1139.18,,PO000091591878,Open,4871
3498384,3/15/2022,I260704558,Bluestem Brands,265.20,265.20,,PO000091589099,Open,4871
3498386,3/15/2022,I260704562,Bluestem Brands,398.20,398.20,,PO000091582811,Open,4871
3498390,3/15/2022,I260704570,Bluestem Brands,398.20,398.20,,PO000091592015,Open,4871
3507626,3/16/2022,I260704612,Bluestem Brands,265.20,265.20,,PO000091599936,Open,4871
3507645,3/16/2022,I260704642,Bluestem Brands,398.20,398.20,,PO000091602265,Open,4871
3507730,3/16/2022,I260704614,Bluestem Brands,141.65,141.65,,PO000091599961,Open,4871
3516498,3/17/2022,I260704651,Bluestem Brands,265.20,265.20,,PO000091610373,Open,4871
3516517,3/17/2022,I260704677,Bluestem Brands,529.30,529.30,,PO000091610511,Open,4871
3516598,3/17/2022,I260704650,Bluestem Brands,398.20,398.20,,PO000091616733,Open,4871
3516599,3/17/2022,I260704652,Bluestem Brands,265.20,265.20,,PO000091613805,Open,4871
3516607,3/17/2022,I260704667,Bluestem Brands,398.20,398.20,,PO000091613934,Open,4871
3516614,3/17/2022,I260704679,Bluestem Brands,265.20,265.20,,PO000091611825,Open,4871
3516617,3/17/2022,I260704681,Bluestem Brands,529.30,529.30,,PO000091617899,Open,4871
3547854,3/18/2022,I260704702,Bluestem Brands,529.30,529.30,,PO000091620297,Open,4871
3547860,3/18/2022,I260704711,Bluestem Brands,141.65,141.65,,PO000091626987,Open,4871
3547865,3/18/2022,I260704719,Bluestem Brands,398.20,398.20,,PO000091624309,Open,4871
3547871,3/18/2022,I260704727,Bluestem Brands,877.61,877.61,,PO000091622703,Open,4871
3547954,3/18/2022,I260704703,Bluestem Brands,1136.36,1136.36,,PO000091619898,Open,4871
3547956,3/18/2022,I260704706,Bluestem Brands,141.65,141.65,,PO000091630413,Open,4871
3547957,3/18/2022,I260704708,Bluestem Brands,877.61,877.61,,PO000091623704,Open,4871
3547959,3/18/2022,I260704712,Bluestem Brands,265.20,265.20,,PO000091627226,Open,4871
3547962,3/18/2022,I260704718,Bluestem Brands,265.20,265.20,,PO000091620538,Open,4871
3547965,3/18/2022,I260704724,Bluestem Brands,539.85,539.85,,PO000091626949,Open,4871
3547966,3/18/2022,I260704726,Bluestem Brands,398.20,398.20,,PO000091624871,Open,4871
3547967,3/18/2022,I260704728,Bluestem Brands,265.20,265.20,,PO000091624735,Open,4871
3547968,3/18/2022,I260704730,Bluestem Brands,708.27,708.27,,PO000091616798,Open,4871
3557185,3/21/2022,I260704750,Bluestem Brands,265.20,265.20,,PO000091640810,Open,4871
3557186,3/21/2022,I260704752,Bluestem Brands,437.69,437.69,,PO000091630823,Open,4871
3557208,3/21/2022,I260704794,Bluestem Brands,398.20,398.20,,PO000091637075,Open,4871
3557209,3/21/2022,I260704796,Bluestem Brands,311.69,311.69,,PO000091640037,Open,4871
3557297,3/21/2022,I260704775,Bluestem Brands,265.20,265.20,,PO000091644365,Open,4871
3557305,3/21/2022,I260704789,Bluestem Brands,265.20,265.20,,PO000091651309,Open,4871
3568703,3/22/2022,I260704832,Bluestem Brands,265.20,265.20,,PO000091660898,Open,4871
3568800,3/22/2022,I260704827,Bluestem Brands,398.20,398.20,,PO000091643122,Open,4871
3568809,3/22/2022,I260704841,Bluestem Brands,529.30,529.30,,PO000091663745,Open,4871
3568822,3/22/2022,I260704863,Bluestem Brands,398.20,398.20,,PO000091656376,Open,4871
3568823,3/22/2022,I260704865,Bluestem Brands,529.30,529.30,,PO000091652830,Open,4871
3568826,3/22/2022,I260704868,Bluestem Brands,265.20,265.20,,PO000091659157,Open,4871
3569005,3/22/2022,I260704875,Bluestem Brands,529.30,529.30,,PO000091664845,Open,4871
3580723,3/23/2022,I260704945,Bluestem Brands,398.20,398.20,,PO000091671178,Open,4871
3580848,3/23/2022,I260704940,Bluestem Brands,265.20,265.20,,PO000091660263,Open,4871
3593082,3/24/2022,I260704978,Bluestem Brands,265.20,265.20,,PO000091679613,Open,4871
3593086,3/24/2022,I260704984,Bluestem Brands,529.30,529.30,,PO000091680283,Open,4871
3593094,3/24/2022,I260704996,Bluestem Brands,529.30,529.30,,PO000091677391,Open,4871
3593114,3/24/2022,I260705026,Bluestem Brands,529.30,529.30,,PO000091681841,Open,4871
3593183,3/24/2022,I260704979,Bluestem Brands,398.20,398.20,,PO000091679296,Open,4871
3593187,3/24/2022,I260704987,Bluestem Brands,398.20,398.20,,PO000091680153,Open,4871
3593189,3/24/2022,I260704991,Bluestem Brands,398.20,398.20,,PO000091678515,Open,4871
3593190,3/24/2022,I260704993,Bluestem Brands,529.30,529.30,,PO000091678680,Open,4871
3593193,3/24/2022,I260704997,Bluestem Brands,311.69,311.69,,PO000091678275,Open,4871
3593194,3/24/2022,I260705000,Bluestem Brands,529.30,529.30,,PO000091677063,Open,4871
3625297,3/25/2022,I260705065,Bluestem Brands,265.20,265.20,,PO000091690055,Open,4871
3625302,3/25/2022,I260705071,Bluestem Brands,141.65,141.65,,PO000091695568,Open,4871
3625583,3/25/2022,I260705052,Bluestem Brands,398.20,398.20,,PO000091687611,Open,4871
3633068,3/28/2022,I260705104,Bluestem Brands,398.20,398.20,,PO000091701924,Open,4871
3633071,3/28/2022,I260705108,Bluestem Brands,398.20,398.20,,PO000091702787,Open,4871
3633072,3/28/2022,I260705110,Bluestem Brands,529.30,529.30,,PO000091701617,Open,4871
3633078,3/28/2022,I260705120,Bluestem Brands,311.69,311.69,,PO000091706186,Open,4871
3633079,3/28/2022,I260705122,Bluestem Brands,529.30,529.30,,PO000091711337,Open,4871
3633080,3/28/2022,I260705124,Bluestem Brands,265.20,265.20,,PO000091706826,Open,4871
3633083,3/28/2022,I260705130,Bluestem Brands,265.20,265.20,,PO000091716770,Open,4871
3633085,3/28/2022,I260705134,Bluestem Brands,398.20,398.20,,PO000091712683,Open,4871
3633086,3/28/2022,I260705136,Bluestem Brands,398.20,398.20,,PO000091725488,Open,4871
3633087,3/28/2022,I260705138,Bluestem Brands,265.20,265.20,,PO000091705949,Open,4871
3633093,3/28/2022,I260705148,Bluestem Brands,141.65,141.65,,PO000091725430,Open,4871
3633168,3/28/2022,I260705105,Bluestem Brands,529.30,529.30,,PO000091701256,Open,4871
3633169,3/28/2022,I260705107,Bluestem Brands,398.20,398.20,,PO000091701183,Open,4871
3633178,3/28/2022,I260705121,Bluestem Brands,398.20,398.20,,PO000091713419,Open,4871
3633180,3/28/2022,I260705125,Bluestem Brands,265.20,265.20,,PO000091716392,Open,4871
3633183,3/28/2022,I260705131,Bluestem Brands,265.20,265.20,,PO000091716420,Open,4871
3645759,3/29/2022,I260705195,Bluestem Brands,265.20,265.20,,PO000091729892,Open,4871
3645762,3/29/2022,I260705200,Bluestem Brands,265.20,265.20,,PO000091731495,Open,4871
3645765,3/29/2022,I260705205,Bluestem Brands,398.20,398.20,,PO000091706239,Open,4871
3645768,3/29/2022,I260705209,Bluestem Brands,141.65,141.65,,PO000091736165,Open,4871
3645769,3/29/2022,I260705211,Bluestem Brands,265.20,265.20,,PO000091727047,Open,4871
3645862,3/29/2022,I260705203,Bluestem Brands,265.20,265.20,,PO000091733002,Open,4871
3645863,3/29/2022,I260705206,Bluestem Brands,398.20,398.20,,PO000091729622,Open,4871
3645865,3/29/2022,I260705210,Bluestem Brands,265.20,265.20,,PO000091734526,Open,4871
3645872,3/29/2022,I260705224,Bluestem Brands,398.20,398.20,,PO000091711990,Open,4871
3645882,3/29/2022,I260705240,Bluestem Brands,398.20,398.20,,PO000091733973,Open,4871
3655086,3/30/2022,I260705294,Bluestem Brands,265.20,265.20,,PO000091744065,Open,4871
3655088,3/30/2022,I260705296,Bluestem Brands,265.20,265.20,,PO000091742257,Open,4871
3655089,3/30/2022,I260705297,Bluestem Brands,398.20,398.20,,PO000091746005,Open,4871
3655090,3/30/2022,I260705298,Bluestem Brands,529.30,529.30,,PO000091743526,Open,4871
3655091,3/30/2022,I260705299,Bluestem Brands,529.30,529.30,,PO000091746628,Open,4871
3655092,3/30/2022,I260705300,Bluestem Brands,265.20,265.20,,PO000091748006,Open,4871
3667171,3/31/2022,I260705368,Bluestem Brands,265.20,265.20,,PO000091758399,Open,4871
3667960,3/31/2022,I260705328,Bluestem Brands,1136.36,1136.36,,PO000091755153,Open,4871
3667969,3/31/2022,I260705344,Bluestem Brands,398.20,398.20,,PO000091755213,Open,4871
3667971,3/31/2022,I260705347,Bluestem Brands,529.30,529.30,,PO000091754590,Open,4871
3667974,3/31/2022,I260705351,Bluestem Brands,444.76,444.76,,PO000091756920,Open,4871
3667979,3/31/2022,I260705359,Bluestem Brands,265.20,265.20,,PO000091758927,Open,4871
3698980,4/1/2022,I260705423,Bluestem Brands,265.20,265.20,,PO000091762716,Open,4871
3699076,4/1/2022,I260705428,Bluestem Brands,398.20,398.20,,PO000091762394,Open,4871
3699079,4/1/2022,I260705434,Bluestem Brands,877.61,877.61,,PO000091766654,Open,4871
3699087,4/1/2022,I260705444,Bluestem Brands,708.27,708.27,,PO000091770372,Open,4871
3699088,4/1/2022,I260705445,Bluestem Brands,265.20,265.20,,PO000091770498,Open,4871
3708241,4/4/2022,I260705467,Bluestem Brands,265.20,265.20,,PO000091775356,Open,4871
3708242,4/4/2022,I260705469,Bluestem Brands,141.65,141.65,,PO000091779781,Open,4871
3708244,4/4/2022,I260705472,Bluestem Brands,529.30,529.30,,PO000091785750,Open,4871
3708245,4/4/2022,I260705474,Bluestem Brands,398.20,398.20,,PO000091787292,Open,4871
3708337,4/4/2022,I260705462,Bluestem Brands,141.65,141.65,,PO000091772668,Open,4871
3708341,4/4/2022,I260705468,Bluestem Brands,265.20,265.20,,PO000091778262,Open,4871
3708342,4/4/2022,I260705471,Bluestem Brands,398.20,398.20,,PO000091778356,Open,4871
3708343,4/4/2022,I260705473,Bluestem Brands,141.65,141.65,,PO000091790703,Open,4871
3708355,4/4/2022,I260705496,Bluestem Brands,1136.36,1136.36,,PO000091793798,Open,4871
3708357,4/4/2022,I260705501,Bluestem Brands,265.20,265.20,,PO000091796126,Open,4871
3720306,4/5/2022,I260705560,Bluestem Brands,444.76,444.76,,PO000091793519,Open,4871
3720319,4/5/2022,I260705580,Bluestem Brands,398.20,398.20,,PO000091804098,Open,4871
3720322,4/5/2022,I260705584,Bluestem Brands,265.20,265.20,,PO000091804392,Open,4871
3720427,4/5/2022,I260705585,Bluestem Brands,141.65,141.65,,PO000091804774,Open,4871
